{
  "files": [
    {
      "path": "./dist/css/adminlte.css",
      "maxSize": "89.5 kB"
    },
    {
      "path": "./dist/css/adminlte.min.css",
      "maxSize": "84.9 kB"
    },
    {
      "path": "./dist/css/alt/adminlte.components.css",
      "maxSize": "16 kB"
    },
    {
      "path": "./dist/css/alt/adminlte.components.min.css",
      "maxSize": "15.4 kB"
    },
    {
      "path": "./dist/css/alt/adminlte.core.css",
      "maxSize": "54.4 kB"
    },
    {
      "path": "./dist/css/alt/adminlte.core.min.css",
      "maxSize": "51.1 kB"
    },
    {
      "path": "./dist/css/alt/adminlte.extra-components.css",
      "maxSize": "4 kB"
    },
    {
      "path": "./dist/css/alt/adminlte.extra-components.min.css",
      "maxSize": "4 kB"
    },
    {
      "path": "./dist/css/alt/adminlte.pages.css",
      "maxSize": "3 kB"
    },
    {
      "path": "./dist/css/alt/adminlte.pages.min.css",
      "maxSize": "3 kB"
    },
    {
      "path": "./dist/css/alt/adminlte.plugins.css",
      "maxSize": "17 kB"
    },
    {
      "path": "./dist/css/alt/adminlte.plugins.min.css",
      "maxSize": "16.6 kB"
    },
    {
      "path": "./dist/js/adminlte.js",
      "maxSize": "15.7 kB"
    },
    {
      "path": "./dist/js/adminlte.min.js",
      "maxSize": "10.5 kB"
    }
  ]
}
